Resume_Page,Extracted_Text_Snippet,Predicted_Category
1,alice johnson professional summary experienced specialist with extensive background in industry best practices and clientfocused solutions experience data scientist at innovateai 2021present  built scalable machine learning models for fraud detection,Data Science
2,william harris professional summary innovative thinker with a passion for delivering outstanding solutions and collaborative team leadership experience software engineer at devsolutions 2020present  designed and developed fullstack web applications u,Data Science
3,ethan martin professional summary highly motivated professional with a track record of driving results and optimizing processes in fastpaced environments experience hr manager at peoplefirst inc 2020present  managed endtoend recruitment process and r,Human Resources
4,amelia clark professional summary experienced specialist with extensive background in industry best practices and clientfocused solutions experience hr manager at peoplefirst inc 2020present  managed endtoend recruitment process and reduced timetohir,Human Resources
5,henry lewis professional summary highly motivated professional with a track record of driving results and optimizing processes in fastpaced environments experience hr manager at peoplefirst inc 2020present  managed endtoend recruitment process and re,Human Resources
6,mia walker professional summary proven ability to manage complex projects and lead crossfunctional teams toward common goals experience hr manager at peoplefirst inc 2020present  managed endtoend recruitment process and reduced timetohire by 25  cond,Human Resources
7,lucas hall professional summary detailoriented individual skilled in streamlining operations and fostering strategic partnerships experience hr manager at peoplefirst inc 2020present  managed endtoend recruitment process and reduced timetohire by 25 ,Human Resources
8,isabella young professional summary detailoriented individual skilled in streamlining operations and fostering strategic partnerships experience associate lawyer at legaledge 2019present  represented clients in civil litigation and commercial dispute,Advocate
9,alexander allen professional summary experienced specialist with extensive background in industry best practices and clientfocused solutions experience associate lawyer at legaledge 2019present  represented clients in civil litigation and commercial ,Advocate
10,emily king professional summary innovative thinker with a passion for delivering outstanding solutions and collaborative team leadership experience associate lawyer at legaledge 2019present  represented clients in civil litigation and commercial disp,Advocate
11,jacob wright professional summary detailoriented individual skilled in streamlining operations and fostering strategic partnerships experience associate lawyer at legaledge 2019present  represented clients in civil litigation and commercial disputes ,Advocate
12,michael smith professional summary innovative thinker with a passion for delivering outstanding solutions and collaborative team leadership experience data scientist at innovateai 2021present  built scalable machine learning models for fraud detectio,Data Science
13,avery scott professional summary detailoriented individual skilled in streamlining operations and fostering strategic partnerships experience associate lawyer at legaledge 2019present  represented clients in civil litigation and commercial disputes  ,Advocate
14,sebastian green professional summary innovative thinker with a passion for delivering outstanding solutions and collaborative team leadership experience marketing manager at brightmedia 2020present  developed and executed multichannel marketing campa,Marketing & Sales
15,grace adams professional summary detailoriented individual skilled in streamlining operations and fostering strategic partnerships experience marketing manager at brightmedia 2020present  developed and executed multichannel marketing campaigns  manag,Marketing & Sales
16,matthew baker professional summary highly motivated professional with a track record of driving results and optimizing processes in fastpaced environments experience marketing manager at brightmedia 2020present  developed and executed multichannel ma,Marketing & Sales
17,victoria nelson professional summary innovative thinker with a passion for delivering outstanding solutions and collaborative team leadership experience marketing manager at brightmedia 2020present  developed and executed multichannel marketing campa,Marketing & Sales
18,logan carter professional summary detailoriented individual skilled in streamlining operations and fostering strategic partnerships experience marketing manager at brightmedia 2020present  developed and executed multichannel marketing campaigns  mana,Marketing & Sales
19,harper mitchell professional summary experienced specialist with extensive background in industry best practices and clientfocused solutions experience financial analyst at capitalwise 2021present  built financial models for budgeting and forecasting,Software Development
20,owen perez professional summary proven ability to manage complex projects and lead crossfunctional teams toward common goals experience financial analyst at capitalwise 2021present  built financial models for budgeting and forecasting  performed vari,Software Development
21,ella roberts professional summary highly motivated professional with a track record of driving results and optimizing processes in fastpaced environments experience financial analyst at capitalwise 2021present  built financial models for budgeting an,Software Development
22,leo turner professional summary experienced specialist with extensive background in industry best practices and clientfocused solutions experience operations manager at swiftlogistics 2020present  streamlined supply chain processes reducing lead time,Software Development
23,emma williams professional summary proven ability to manage complex projects and lead crossfunctional teams toward common goals experience data scientist at innovateai 2021present  built scalable machine learning models for fraud detection and custom,Data Science
24,abigail campbell professional summary detailoriented individual skilled in streamlining operations and fostering strategic partnerships experience operations manager at swiftlogistics 2020present  streamlined supply chain processes reducing lead time,Software Development
25,daniel brown professional summary experienced specialist with extensive background in industry best practices and clientfocused solutions experience data scientist at innovateai 2021present  built scalable machine learning models for fraud detection ,Data Science
26,sophia davis professional summary innovative thinker with a passion for delivering outstanding solutions and collaborative team leadership experience data scientist at innovateai 2021present  built scalable machine learning models for fraud detection,Data Science
27,james wilson professional summary highly motivated professional with a track record of driving results and optimizing processes in fastpaced environments experience software engineer at devsolutions 2020present  designed and developed fullstack web a,Data Science
28,olivia taylor professional summary detailoriented individual skilled in streamlining operations and fostering strategic partnerships experience software engineer at devsolutions 2020present  designed and developed fullstack web applications using rea,Data Science
29,benjamin moore professional summary highly motivated professional with a track record of driving results and optimizing processes in fastpaced environments experience software engineer at devsolutions 2020present  designed and developed fullstack web,Data Science
30,charlotte white professional summary detailoriented individual skilled in streamlining operations and fostering strategic partnerships experience software engineer at devsolutions 2020present  designed and developed fullstack web applications using r,Data Science
